{
  "count": 924,
  "optimal": 228,
  "matchups": {
    "count": 166268,
    "mean": 0.5613588365920852,
    "variance": 1.4327623090699129,
    "varianceMin": 1.0661442955745253,
    "varianceChange": 1.3497502338777732,
    "min": 0.0010822510822510823,
    "max": 2.4448051948051948,
    "missingMX": 36.53463203463203,
    "missingMXPct": 159.02996960299996
  },
  "asnSumSqAvg": 6.07868314103435,
  "asnSumSqBest": 4.185064935064935
}