{
  "count": 428,
  "optimal": 724,
  "matchups": {
    "count": 85026,
    "mean": 0.8212327923863423,
    "variance": 1.4366199025187834,
    "varianceMin": 1.1531547355277425,
    "varianceChange": 1.250276784224629,
    "min": 0.009345794392523364,
    "max": 2.7757009345794392,
    "missingMX": 23.539719626168225,
    "missingMXPct": 50.82549456351432
  },
  "asnSumSqAvg": 4.750089070143132,
  "asnSumSqBest": 3.946261682242991
}