{
  "count": 907,
  "optimal": 245,
  "matchups": {
    "count": 189732,
    "mean": 0.6311302273249146,
    "variance": 1.3515941188585356,
    "varianceMin": 1.0793829755159146,
    "varianceChange": 1.254064828305582,
    "min": 0.005512679162072767,
    "max": 2.61742006615215,
    "missingMX": 29.40463065049614,
    "missingMXPct": 112.4157857098689
  },
  "asnSumSqAvg": 5.282667332643637,
  "asnSumSqBest": 4.092613009922823
}