{
  "count": 772,
  "optimal": 380,
  "matchups": {
    "mean": 0.48901775264065467,
    "variance": 2.0579267741536267,
    "varianceMin": 1.0512330901746165,
    "varianceChange": 1.981615769036031,
    "min": 0.0038860103626943004,
    "max": 2.865284974093264
  }
}