{
  "count": 924,
  "optimal": 228,
  "matchups": {
    "mean": 0.5613588365920852,
    "variance": 1.4327623090699129,
    "varianceMin": 1.0661442955745253,
    "varianceChange": 1.3497502338777732,
    "min": 0.58701539654175,
    "max": 2.4448051948051948
  }
}