{
  "count": 710,
  "optimal": 442,
  "matchups": {
    "mean": 0.5175453470815341,
    "variance": 1.4150721935537671,
    "varianceMin": 1.057419106443534,
    "varianceChange": 1.3440145249079456,
    "min": 0.0014084507042253522,
    "max": 2.3380281690140845
  }
}