{
  "count": 424,
  "optimal": 728,
  "matchups": {
    "count": 82956,
    "mean": 0.8165992890590551,
    "variance": 1.5443481721458432,
    "varianceMin": 1.1388133759404488,
    "varianceChange": 1.3508896746497487,
    "min": 0.02358490566037736,
    "max": 2.9976415094339623,
    "missingMX": 26.933962264150942,
    "missingMXPct": 63.900683070102694
  },
  "asnSumSqAvg": 5.090940971004671,
  "asnSumSqBest": 3.9882075471698113
}