{
  "count": 463,
  "optimal": 689,
  "matchups": {
    "mean": 0.8178608022071366,
    "variance": 1.5642081396253773,
    "varianceMin": 1.1330057604423747,
    "varianceChange": 1.367878785007155,
    "min": 0.4204716705123068,
    "max": 2.9892008639308854
  }
}