{
  "count": 461,
  "optimal": 691,
  "matchups": {
    "count": 82645,
    "mean": 0.803730460110622,
    "variance": 1.5424919637767125,
    "varianceMin": 1.1235818522636822,
    "varianceChange": 1.3578817772187461,
    "min": 0,
    "max": 2.9674620390455533,
    "missingMX": 24.917570498915403,
    "missingMXPct": 76.61200631955188
  }
}