{
  "count": 337,
  "optimal": 815,
  "matchups": {
    "mean": 0.7866201922979194,
    "variance": 1.4953604617388978,
    "varianceMin": 1.1208964754077098,
    "varianceChange": 1.3212104504431168,
    "min": 0,
    "max": 2.72106824925816
  }
}