{
  "count": 433,
  "optimal": 719,
  "matchups": {
    "mean": 0.8311529672160078,
    "variance": 1.4352336299144934,
    "varianceMin": 1.1522891553105838,
    "varianceChange": 1.2522196700333623,
    "min": 0.37786953568776444,
    "max": 2.771362586605081
  }
}