{
  "count": 434,
  "optimal": 718,
  "matchups": {
    "count": 88073,
    "mean": 0.8341112232550221,
    "variance": 1.4277837896210597,
    "varianceMin": 1.1525579346622632,
    "varianceChange": 1.2457515265923396,
    "min": 0.013824884792626729,
    "max": 2.7764976958525347,
    "missingMX": 24.013824884792626,
    "missingMXPct": 50.69410818892694
  }
}