{
  "count": 912,
  "optimal": 240,
  "matchups": {
    "count": 190103,
    "mean": 0.6257445769385437,
    "variance": 1.3477890312792122,
    "varianceMin": 1.0773030249922528,
    "varianceChange": 1.2525554087915574,
    "min": 0.005482456140350877,
    "max": 2.625,
    "missingMX": 29.260964912280702,
    "missingMXPct": 112.16612399880225
  },
  "asnSumSqAvg": 4.281441284025956,
  "asnSumSqBest": 4.137061403508772
}