{
  "count": 830,
  "optimal": 322,
  "matchups": {
    "count": 183675,
    "mean": 0.6641155481869531,
    "variance": 1.334642519946618,
    "varianceMin": 1.0849401913167884,
    "varianceChange": 1.2325989570127127,
    "min": 0.00963855421686747,
    "max": 2.5879518072289156,
    "missingMX": 28.510843373493977,
    "missingMXPct": 95.47767975881109
  }
}