{
  "count": 425,
  "optimal": 727,
  "matchups": {
    "count": 85634,
    "mean": 0.8249093051210985,
    "variance": 1.4183255113931874,
    "varianceMin": 1.1534820717306526,
    "varianceChange": 1.2351761369463554,
    "min": 0.01647058823529412,
    "max": 2.764705882352941,
    "missingMX": 23.007058823529412,
    "missingMXPct": 48.085970627968294
  }
}