{
  "count": 872,
  "optimal": 280,
  "matchups": {
    "mean": 0.6434770806224864,
    "variance": 1.3373742124232941,
    "varianceMin": 1.0817091270561174,
    "varianceChange": 1.2384510495815486,
    "min": 0.5006896376735864,
    "max": 2.5997706422018347
  }
}