{
  "count": 829,
  "optimal": 323,
  "matchups": {
    "count": 183610,
    "mean": 0.6646694142390178,
    "variance": 1.3346827216102224,
    "varianceMin": 1.0850426523437084,
    "varianceChange": 1.232497583484987,
    "min": 0.007237635705669481,
    "max": 2.5729794933655006,
    "missingMX": 28.484921592279854,
    "missingMXPct": 95.09751141571667
  }
}