{
  "count": 949,
  "optimal": 203,
  "matchups": {
    "count": 192101,
    "mean": 0.6135789413937031,
    "variance": 1.3818142181306845,
    "varianceMin": 1.07671270684187,
    "varianceChange": 1.2848129169774902,
    "min": 0.003161222339304531,
    "max": 2.7112750263435195,
    "missingMX": 30.94836670179136,
    "missingMXPct": 129.46159911665427
  },
  "asnSumSqAvg": 5.002371384994792,
  "asnSumSqBest": 4.1865121180189675
}