{
  "count": 910,
  "optimal": 242,
  "matchups": {
    "count": 189994,
    "mean": 0.6291257636470406,
    "variance": 1.352894531040971,
    "varianceMin": 1.0791212733988291,
    "varianceChange": 1.2554316863731743,
    "min": 0.00989010989010989,
    "max": 2.645054945054945,
    "missingMX": 29.473626373626374,
    "missingMXPct": 112.35493050856023
  },
  "asnSumSqAvg": 5.295655269575945,
  "asnSumSqBest": 4.137362637362638
}