{
  "count": 757,
  "optimal": 395,
  "matchups": {
    "mean": 0.5565537937309105,
    "variance": 1.3751540871821808,
    "varianceMin": 1.0654059690406723,
    "varianceChange": 1.2911817700161414,
    "min": 0,
    "max": 2.5878467635402904
  }
}